{
  "x": 2.984832763671875,
  "y": -0.4214935302734375,
  "angle": 0.0,
  "units": "pixels",
  "ts": 1754877104.6766806
}